REGION,PREFECTURE,COMMUNE,CANTON,LOCALITE
Maritime
Plateaux
Kara
Centrale
Savanes
Maritime,Agoe-Nyivé
Plateaux,Agou
Plateaux,Akebou
Plateaux,Amou
Plateaux,Anié
Kara,Assoli
Maritime,Avé
Maritime,Bas-Mono
Kara,Bassar
Kara,Binah
Centrale,Blitta
Savanes,Cinkassé
Kara,Dankpen
Savanes,Kpendjal
Savanes,Kpendjal Ouest
Maritime,Lacs
Centrale,Mo
Plateaux,Moyen-Mono
Plateaux,Ogou
Savanes,Oti
Maritime,Agoe-Nyivé,Agoe-Nyivé 2
Maritime,Agoe-Nyivé,Agoe-Nyivé 3
Maritime,Agoe-Nyivé,Agoe-Nyivé 5
Plateaux,Agou,Agou 1
Plateaux,Agou,Agou 2
Plateaux,Akebou,Akebou 1
Plateaux,Akebou,Akebou 2
Plateaux,Amou,Amou 1
Plateaux,Amou,Amou 2
Plateaux,Amou,Amou 3
Plateaux,Anié,Anié 1
Plateaux,Anié,Anié 2
Kara,Assoli,Assoli 1
Kara,Assoli,Assoli 2
Kara,Assoli,Assoli 3
Maritime,Avé,Avé 1
Maritime,Avé,Avé 2
Maritime,Bas-Mono,Bas-Mono 1
Maritime,Bas-Mono,Bas-Mono 2
Kara,Bassar,Bassar 1
Kara,Bassar,Bassar 2
Kara,Bassar,Bassar 3
Kara,Bassar,Bassar 4
Kara,Binah,Binah 1
Kara,Binah,Binah 2
Centrale,Blitta,Blitta 1
Maritime,Golfe,Golfe 4
Maritime,Golfe,Golfe 5
Maritime,Golfe,Golfe 6
Maritime,Golfe,Golfe 7
Plateaux,Haho,Haho 1
Plateaux,Haho,Haho 2
Plateaux,Haho,Haho 3
Plateaux,Haho,Haho 4
Kara,Keran,Kéran 1
Savanes,Kpendjal,Kpendjal 1
Savanes,Kpendjal,Kpendjal 2
Savanes,Kpendjal Ouest,Kpendjal Ouest 1
Savanes,Kpendjal Ouest,Kpendjal Ouest 2
Maritime,Lacs,Lacs 1
Maritime,Lacs,Lacs 2
Maritime,Lacs,Lacs 3
Maritime,Lacs,Lacs 4
Centrale,Mo,Mo 1
Centrale,Mo,Mo 2
Plateaux,Moyen-Mono,Moyen-Mono 1
Plateaux,Moyen-Mono,Moyen-Mono 2
Plateaux,Ogou,Ogou 1
Plateaux,Ogou,Ogou 2
Plateaux,Ogou,Ogou 3
Plateaux,Ogou,Ogou 4
Savanes,Oti,Oti 1
Savanes,Oti,Oti 2
Savanes,Oti Sud,Oti Sud 1
Savanes,Oti Sud,Oti Sud 2
Centrale,Sotouboua,Sotouboua 1
Centrale,Sotouboua,Sotouboua 2
Centrale,Sotouboua,Sotouboua 3
Savanes,Tandjoare,Tandjoare 1
Savanes,Tandjoare,Tandjoare 2
Maritime,Yoto,Yoto 1
Maritime,Yoto,Yoto 2
Maritime,Yoto,Yoto 3
Maritime,Zio,Zio 1
Maritime,Zio,Zio 2
Maritime,Zio,Zio 3
Maritime,Zio,Zio 4
Maritime,Agoe-Nyivé,Agoe-Nyivé 1,Agoe-Nyivé
Maritime,Agoe-Nyivé,Agoe-Nyivé 4,Togblé
Maritime,Agoe-Nyivé,Agoe-Nyivé 6,Adétikopé
Maritime,Agoe-Nyivé,Agoe-Nyivé 2,Légbassito
Maritime,Agoe-Nyivé,Agoe-Nyivé 3,Vakpossito
Maritime,Agoe-Nyivé,Agoe-Nyivé 5,Zanguéra
Plateaux,Agou,Agou 1,Agou-Akplolo
Plateaux,Agou,Agou 1,Agou-Akpolo
Plateaux,Agou,Agou 1,Agou-Atigbé
Plateaux,Agou,Agou 1,Agou-Iboé
Plateaux,Agou,Agou 1,Agou-Kébo
Plateaux,Agou,Agou 1,Agou-Nyogbo
Plateaux,Agou,Agou 1,Agou-Nyogbo-Agbetiko
Plateaux,Agou,Agou 1,Agou-Tavié
Plateaux,Agou,Agou 1,Assahoun-Fiagbé
Plateaux,Agou,Agou 1,Gadja
Plateaux,Agou,Agou 1,Kati
Plateaux,Agou,Agou 2,Agotimé-Nord
Plateaux,Agou,Agou 2,Agotimé-sud-Adzakpa
Plateaux,Agou,Agou 2,Amoussoukopé
Plateaux,Akebou,Akebou 1,Djon
Plateaux,Akebou,Akebou 1,Gbendé
Plateaux,Akebou,Akebou 1,Akébou (Kougnohou)
Plateaux,Akebou,Akebou 1,Vèh
Plateaux,Akebou,Akebou 1,Yalla
Plateaux,Akebou,Akebou 2,Kamina-Akébou
Plateaux,Akebou,Akebou 2,Kpalavé
Plateaux,Akebou,Akebou 2,Sérégbéné
Plateaux,Amou,Amou 1,Adiva
Plateaux,Amou,Amou 1,Ouma (Amlamé)
Plateaux,Amou,Amou 1,Imlé
Plateaux,Amou,Amou 2,Amou-Oblo
Plateaux,Amou,Amou 2,Ekpégnon
Plateaux,Amou,Amou 2,Kpatégan
Plateaux,Amou,Amou 2,Sodo
Plateaux,Amou,Amou 3,Avédji-Itadi
Plateaux,Amou,Amou 3,Evou
Plateaux,Amou,Amou 3,Gamé
Plateaux,Amou,Amou 3,Hihéatro
Plateaux,Amou,Amou 3,Okpahoé
Plateaux,Amou,Amou 3,Ikponou (Akposso-Nord) Otadi
Plateaux,Amou,Amou 3,Logbo (Témédja)
Plateaux,Anié,Anié 1,Anié
Plateaux,Anié,Anié 1,Kolo-Kopé
Plateaux,Anié,Anié 1,Pallakoko
Plateaux,Anié,Anié 2,Adogbénou
Plateaux,Anié,Anié 2,Atchinédji
Plateaux,Anié,Anié 2,Glitto
Kara,Assoli,Assoli 1,Bafilo
Kara,Assoli,Assoli 1,Bouladè
Kara,Assoli,Assoli 1,Dako
Kara,Assoli,Assoli 2,Alédjo
Kara,Assoli,Assoli 2,Koumondè
Kara,Assoli,Assoli 3,Soudou
Maritime,Avé,Avé 1,Ando
Maritime,Avé,Avé 1,Assahoun
Maritime,Avé,Avé 1,Kévé
Maritime,Avé,Avé 1,Tovégan
Maritime,Avé,Avé 1,Zolo
Maritime,Avé,Avé 2,Aképé
Maritime,Avé,Avé 2,Badja
Maritime,Avé,Avé 2,Noépé
Maritime,Bas-Mono,Bas-Mono 1,Afagnagan
Maritime,Bas-Mono,Bas-Mono 1,Afagnan-Gbléta
Kara,Bassar,Bassar 3,Kabou
Kara,Bassar,Bassar 3,Manga
Kara,Bassar,Bassar 4,Sanda-Afowou
Kara,Bassar,Bassar 4,Sanda-Kagbanda
Kara,Binah,Binah 1,Boufalé
Kara,Binah,Binah 1,Lama-Dessi
Kara,Binah,Binah 1,Pagouda
Kara,Binah,Binah 1,Péssaré
Kara,Binah,Binah 1,Pitikita
Kara,Binah,Binah 1,Solla
Kara,Binah,Binah 2,Kémérida
Kara,Binah,Binah 2,Kétao
Kara,Binah,Binah 2,Sirka
Centrale,Blitta,Blitta 1,Blitta-Gare
Centrale,Blitta,Blitta 1,Blitta-Village
Centrale,Blitta,Blitta 1,Doufouli
Centrale,Blitta,Blitta 1,Pagala-Gare
Centrale,Blitta,Blitta 1,Tchaloudè
Centrale,Blitta,Blitta 1,Waragni
Centrale,Blitta,Blitta 1,Yaloumbè
Centrale,Blitta,Blitta 2,Agbandi
Centrale,Blitta,Blitta 2,Koffiti
Centrale,Blitta,Blitta 2,Langabou
Centrale,Blitta,Blitta 2,Tcharé-baou
Centrale,Blitta,Blitta 3,Atchintsé
Centrale,Blitta,Blitta 3,Diguengué
Centrale,Blitta,Blitta 3,Dikpéléou
Centrale,Blitta,Blitta 3,Katchenké
Centrale,Blitta,Blitta 3,M'poti
Centrale,Blitta,Blitta 3,Pagala-Village
Centrale,Blitta,Blitta 3,Tchifama
Centrale,Blitta,Blitta 3,Tintchro
Centrale,Blitta,Blitta 3,Welly
Centrale,Blitta,Blitta 3,Yégué
Savanes,Cinkassé,Cinkassé 1,Boadé
Savanes,Cinkassé,Cinkassé 1,Cinkassé
Savanes,Cinkassé,Cinkassé 1,Noaga
Savanes,Cinkassé,Cinkassé 1,Gouloungoussi
Savanes,Cinkassé,Cinkasse 2,Biankouri
Savanes,Cinkassé,Cinkasse 2,Nadjoundi
Savanes,Cinkassé,Cinkasse 2,Sam-Naba
Savanes,Cinkassé,Cinkasse 2,Timbou
Kara,Dankpen,Dankpen 1,Guérin-Kouka
Kara,Dankpen,Dankpen 1,Katchamba
Kara,Dankpen,Dankpen 1,Koulfiékou
Kara,Dankpen,Dankpen 1,Nampoch
Kara,Dankpen,Dankpen 2,Koutchitchéou
Kara,Dankpen,Dankpen 2,Namon
Kara,Dankpen,Dankpen 2,Natchiboré
Kara,Dankpen,Dankpen 2,Natchitikpi
Kara,Dankpen,Dankpen 3,Bapuré
Kara,Dankpen,Dankpen 3,Kidjaboun
Kara,Dankpen,Dankpen 3,Nandouta
Kara,Dankpen,Dankpen 3,Nawaré
Plateaux,Danyi,Danyi 1,Danyi-Atigba
Plateaux,Danyi,Danyi 1,Danyi-Kakpa
Plateaux,Danyi,Danyi 1,Yikpa
Plateaux,Danyi,Danyi 2,Ahlon
Plateaux,Danyi,Danyi 2,Danyi-Elavagnon
Plateaux,Danyi,Danyi 2,Danyi-Kpéto-Evita
Kara,Doufelgou,Doufelgou 1,Agbandè-Yaka
Kara,Doufelgou,Doufelgou 1,Baga
Kara,Doufelgou,Doufelgou 1,Koka
Kara,Doufelgou,Doufelgou 1,Madésséna
Kara,Doufelgou,Doufelgou 1,Niamtougou
Kara,Doufelgou,Doufelgou 1,Pouda
Kara,Doufelgou,Doufelgou 1,Ténéga
Kara,Doufelgou,Doufelgou 2,Anima
Kara,Doufelgou,Doufelgou 2,Défalé
Kara,Doufelgou,Doufelgou 2,Kpaha
Kara,Doufelgou,Doufelgou 3,Alloum
Kara,Doufelgou,Doufelgou 3,Kadjalla
Kara,Doufelgou,Doufelgou 3,Léon
Kara,Doufelgou,Doufelgou 3,Tchoré
Plateaux,Est-Mono,Est-Mono 1,Elavagnon
Plateaux,Est-Mono,Est-Mono 1,Gbadjahè
Plateaux,Est-Mono,Est-Mono 2,Badin-Copé
Plateaux,Est-Mono,Est-Mono 2,Kamina
Plateaux,Est-Mono,Est-Mono 2,Morétan-Igbériko
Plateaux,Est-Mono,Est-Mono 3,Kpéssi
Plateaux,Est-Mono,Est-Mono 3,Nyamassila
Maritime,Golfe,Golfe 1 (Be Est),Bè
Maritime,Golfe,Golfe 2 (Be Centre),Bè
Maritime,Golfe,Golfe 3 (Be Ouest),Bè
Maritime,Golfe,Golfe 4,Amoutivé
Maritime,Golfe,Golfe 5,Aflao-Gakli
Maritime,Golfe,Golfe 6,Baguida
Maritime,Golfe,Golfe 7,Aflao-Sagbado
Plateaux,Haho,Haho 1,Atsavé
Plateaux,Haho,Haho 1,Dalia
Plateaux,Haho,Haho 1,Notsè
Plateaux,Haho,Haho 2,Assrama
Plateaux,Haho,Haho 2,Djéméni
Plateaux,Haho,Haho 3,Kpédomé
Plateaux,Haho,Haho 4,Ayito (Kpégnon-Adja)
Plateaux,Haho,Haho 4,Wahala
Kara,Keran,Kéran 1,Akponté
Kara,Keran,Kéran 1,Kanté
Kara,Keran,Kéran 1,Pessidè
Kara,Keran,Kéran 2,Atalotè
Plateaux,Kloto,Kloto 2,Lavié
Plateaux,Kloto,Kloto 2,Lavié-Apédomé
Plateaux,Kloto,Kloto 3,Agomé-Tomégbé
Plateaux,Kloto,Kloto 3,Agomé-Yoh
Plateaux,Kloto,Kloto 3,Kuma
Kara,Kozah,Kozah 1,Lama
Kara,Kozah,Kozah 1,Landa
Kara,Kozah,Kozah 1,Lassa
Kara,Kozah,Kozah 1,Soumdina
Kara,Kozah,Kozah 2,Bohou
Kara,Kozah,Kozah 2,Kouméa
Kara,Kozah,Kozah 2,Pya
Kara,Kozah,Kozah 2,Sarakawa
Kara,Kozah,Kozah 2,Tcharé
Kara,Kozah,Kozah 2,Tchitchao
Kara,Kozah,Kozah 2,Yadè
Kara,Kozah,Kozah 3,Awandjélo
Kara,Kozah,Kozah 3,Landa-Kpinzindè
Kara,Kozah,Kozah 4,Atchangbadè
Kara,Kozah,Kozah 4,Djamdè
Plateaux,Kpélé,Kpélé 1,Kpélé-Akata
Plateaux,Kpélé,Kpélé 1,Kpélé-Dawlotu
Plateaux,Kpélé,Kpélé 1,Kpélé-Govié
Plateaux,Kpélé,Kpélé 1,Kpélé-Novivé
Plateaux,Kpélé,Kpélé 2,Kpélé-Goudévé
Plateaux,Kpélé,Kpélé 2,Kpélé-Dutoé
Plateaux,Kpélé,Kpélé 2,Kpélé-Gbalédzé
Plateaux,Kpélé,Kpélé 2,Kpélé-Kamé
Maritime,Lacs,Lacs 4,Ganavé
Centrale,Mo,Mo 1,Boulohou
Centrale,Mo,Mo 1,Djarkpanga
Centrale,Mo,Mo 1,Kagningbara
Centrale,Mo,Mo 2,Saïboudè
Centrale,Mo,Mo 2,Tindjassi
Plateaux,Moyen-Mono,Moyen-Mono 1,Ahassomé
Plateaux,Moyen-Mono,Moyen-Mono 1,Tado
Plateaux,Moyen-Mono,Moyen-Mono 1,Tohoun
Plateaux,Moyen-Mono,Moyen-Mono 2,Katomé
Plateaux,Moyen-Mono,Moyen-Mono 2,Kpékplémé
Plateaux,Moyen-Mono,Moyen-Mono 2,Saligbè
Plateaux,Ogou,Ogou 1,Djama
Plateaux,Ogou,Ogou 1,Gnagna
Plateaux,Ogou,Ogou 1,Woudou
Plateaux,Ogou,Ogou 2,Akparé
Plateaux,Ogou,Ogou 2,Datcha
Plateaux,Ogou,Ogou 2,Katoré
Plateaux,Ogou,Ogou 3,Gléï
Plateaux,Ogou,Ogou 4,Ountivou
Savanes,Oti,Oti 1,Faré
Savanes,Oti,Oti 1,Mango
Savanes,Oti,Oti 1,Sadori
Savanes,Oti,Oti 2,Barkoissi
Savanes,Oti,Oti 2,Galangashie
Savanes,Oti,Oti 2,Loko
Savanes,Oti,Oti 2,Nagbéni
Savanes,Oti,Oti 2,Tchanaga
Savanes,Oti Sud,Oti Sud 1,Gando
Savanes,Oti Sud,Oti Sud 1,Mogou
Savanes,Oti Sud,Oti Sud 1,Sagbiébou
Savanes,Oti Sud,Oti Sud 1,Tchamonga
Savanes,Oti Sud,Oti Sud 2,Koumongou
Savanes,Oti Sud,Oti Sud 2,Kountoiré
Savanes,Oti Sud,Oti Sud 2,Nali
Savanes,Oti Sud,Oti Sud 2,Takpamba
Centrale,Sotouboua,Sotouboua 1,Kaniamboua
Centrale,Sotouboua,Sotouboua 1,Sotouboua
Centrale,Sotouboua,Sotouboua 1,Tabindè
Centrale,Sotouboua,Sotouboua 2,Adjengre
Centrale,Sotouboua,Sotouboua 2,Aouda
Centrale,Sotouboua,Sotouboua 2,Fazao
Centrale,Sotouboua,Sotouboua 2,Séssaro
Centrale,Sotouboua,Sotouboua 2,Titigbe
Centrale,Sotouboua,Sotouboua 3,Bodjondè
Centrale,Sotouboua,Sotouboua 3,Kazaboua
Centrale,Sotouboua,Sotouboua 3,Tchebebe
Savanes,Tandjoare,Tandjoare 1,Bogou
Savanes,Tandjoare,Tandjoare 1,Bombouaka
Savanes,Tandjoare,Tandjoare 1,Boulogou
Savanes,Tandjoare,Tandjoare 1,Goundoga
Centrale,Tchamba,Tchamba 3,Goubi
Centrale,Tchamba,Tchamba 3,Kaboli
Centrale,Tchaoudjo,Tchaoudjo 1,Kadambara
Centrale,Tchaoudjo,Tchaoudjo 1,Kpangalam
Centrale,Tchaoudjo,Tchaoudjo 1,Kparatao
Centrale,Tchaoudjo,Tchaoudjo 1,Komah sokodé
Centrale,Tchaoudjo,Tchaoudjo 1,Tchalo
Centrale,Tchaoudjo,Tchaoudjo 2,Lama-Tessi
Centrale,Tchaoudjo,Tchaoudjo 3,Aléhéridè
Centrale,Tchaoudjo,Tchaoudjo 3,Amaïdè
Centrale,Tchaoudjo,Tchaoudjo 3,Kemeni
Centrale,Tchaoudjo,Tchaoudjo 3,Kolina
Centrale,Tchaoudjo,Tchaoudjo 4,Agoulou
Centrale,Tchaoudjo,Tchaoudjo 4,Kpassouadè
Centrale,Tchaoudjo,Tchaoudjo 4,Wassarabo
Savanes,Tone,Tone 1,Bidjenga
Savanes,Tone,Tone 1,Dapaong
Savanes,Tone,Tone 1,Kourientre
Savanes,Tone,Tone 1,Natigou
Savanes,Tone,Tone 1,Pana
Savanes,Tone,Tone 1,Poissongui
Savanes,Tone,Tone 1,Toaga
Savanes,Tone,Tone 2,Naki-Ouest
Savanes,Tone,Tone 2,Namaré
Savanes,Tone,Tone 2,Nanergou
Savanes,Tone,Tone 3,Lotogou
Savanes,Tone,Tone 3,Nioukpourma
Savanes,Tone,Tone 3,Tami
Savanes,Tone,Tone 3,Warkambou
Savanes,Tone,Tone 4,Kantindi
Savanes,Tone,Tone 4,Korbongou
Savanes,Tone,Tone 4,Louanga
Savanes,Tone,Tone 4,Sanfatoute
Maritime,Vo,Vo 1,Vogan
Maritime,Vo,Vo 1,Vo-Koutimé
Maritime,Vo,Vo 2,Agnronkopé
Maritime,Vo,Vo 2,Togoville
Maritime,Vo,Vo 3,Dagbati
Maritime,Vo,Vo 3,Dzrékpo
Maritime,Vo,Vo 3,Momé-Hounkpati
Maritime,Vo,Vo 4,Akoumapé
Maritime,Vo,Vo 4,Hahotoé
Maritime,Vo,Vo 4,Sévagan
Plateaux,Wawa,Wawa 1,Badou
Plateaux,Wawa,Wawa 1,Késsibo
Plateaux,Wawa,Wawa 1,Kpété-Béna
Plateaux,Wawa,Wawa 1,Tomégbé
Plateaux,Wawa,Wawa 2,Ekéto
Plateaux,Wawa,Wawa 2,Gbadi-N'Kugna
Plateaux,Wawa,Wawa 2,Gobé
Plateaux,Wawa,Wawa 3,Doumé
Plateaux,Wawa,Wawa 3,Klabè-Efoukpa
Plateaux,Wawa,Wawa 3,Okou
Plateaux,Wawa,Wawa 3,Ounabé
Plateaux,Wawa,Wawa 3,Zogbegan
Maritime,Yoto,Yoto 1,Amoussimé
Maritime,Yoto,Yoto 1,Kini-Kondji
Maritime,Yoto,Yoto 1,Kouvé
Maritime,Yoto,Yoto 1,Tabligbo
Maritime,Yoto,Yoto 2,Ahépé
Maritime,Yoto,Yoto 2,Tchêkpo
Maritime,Yoto,Yoto 2,Zafi
Maritime,Yoto,Yoto 3,Essè-Godjin
Maritime,Yoto,Yoto 3,Sédomé
Maritime,Yoto,Yoto 3,Tokpli
Maritime,Yoto,Yoto 3,Tométy-Kondji
Maritime,Zio,Zio 1,Abobo
Maritime,Zio,Zio 1,Dalavé
Maritime,Zio,Zio 1,Davié
Maritime,Zio,Zio 1,Djagblé
Maritime,Zio,Zio 1,Gbatopé
Maritime,Zio,Zio 1,Gblainvié
Maritime,Zio,Zio 1,Kpomé
Maritime,Zio,Zio 1,Tsévié
Maritime,Zio,Zio 2,Bolou
Maritime,Zio,Zio 2,Kovié
Maritime,Zio,Zio 2,Mission-Tové
Maritime,Zio,Zio 2,Wli
Maritime,Zio,Zio 3,Agbélouvé
Maritime,Zio,Zio 3,Gamé
Maritime,Zio,Zio 4,Gapé-Centre
Maritime,Zio,Zio 4,Gapé-Kpodji
Maritime,Agoe-Nyivé,Agoe-Nyivé 1,Agoe-Nyivé,Adjougba
Maritime,Agoe-Nyivé,Agoe-Nyivé 1,Agoe-Nyivé,Adjougba-Sorad
Maritime,Agoe-Nyivé,Agoe-Nyivé 1,Agoe-Nyivé,Agoe Assiyeye
Maritime,Agoe-Nyivé,Agoe-Nyivé 1,Agoe-Nyivé,Agoe-Nyivé
Maritime,Agoe-Nyivé,Agoe-Nyivé 1,Agoe-Nyivé,Alogope
Maritime,Agoe-Nyivé,Agoe-Nyivé 1,Agoe-Nyivé,Anome
Maritime,Agoe-Nyivé,Agoe-Nyivé 1,Agoe-Nyivé,Apelebime
Maritime,Agoe-Nyivé,Agoe-Nyivé 1,Agoe-Nyivé,Assiyeye
Maritime,Agoe-Nyivé,Agoe-Nyivé 1,Agoe-Nyivé,Atsanve
Maritime,Agoe-Nyivé,Agoe-Nyivé 1,Agoe-Nyivé,Aveyme
Maritime,Agoe-Nyivé,Agoe-Nyivé 1,Agoe-Nyivé,Cacaveli
Centrale,Tchaoudjo,Tchaoudjo 1,Tchalo,Adjorogo
Centrale,Tchaoudjo,Tchaoudjo 1,Tchalo,Bavile
Centrale,Tchaoudjo,Tchaoudjo 1,Tchalo,Kpalafoulassi
Centrale,Tchaoudjo,Tchaoudjo 1,Tchalo,Tchalo
Centrale,Tchaoudjo,Tchaoudjo 2,Lama-Tessi,Abatchang
Centrale,Tchaoudjo,Tchaoudjo 2,Lama-Tessi,Alfa-Kpirou
Centrale,Tchaoudjo,Tchaoudjo 2,Lama-Tessi,Aou-Losso